crop_id,crop,scientific_name,category,common_seasons,source_org,source_url,verification_status,last_verified
CR001,Tomato,Solanum lycopersicum,vegetable,Kharif/Rabi/Summer,FarmGuide crop layer; Maharashtra agro-advisory context,https://icar.gov.in/sites/default/files/Circulars/ICAR-En-Kharif-Agro-Advisories-for-Farmers-2025.pdf,curated crop list; local suitability varies by district/microclimate,2026-10-03
CR002,Potato,Solanum tuberosum,vegetable,Rabi,FarmGuide crop layer; Maharashtra agro-advisory context,https://icar.gov.in/sites/default/files/Circulars/ICAR-En-Kharif-Agro-Advisories-for-Farmers-2025.pdf,curated crop list; local suitability varies by district/microclimate,2026-10-03
CR003,Chilli,Capsicum annuum,vegetable,Kharif/Rabi,FarmGuide crop layer; Maharashtra agro-advisory context,https://icar.gov.in/sites/default/files/Circulars/ICAR-En-Kharif-Agro-Advisories-for-Farmers-2025.pdf,curated crop list; local suitability varies by district/microclimate,2026-10-03
CR004,Onion,Allium cepa,vegetable,Kharif/Rabi,FarmGuide crop layer; Maharashtra agro-advisory context,https://icar.gov.in/sites/default/files/Circulars/ICAR-En-Kharif-Agro-Advisories-for-Farmers-2025.pdf,curated crop list; local suitability varies by district/microclimate,2026-10-03
CR005,Brinjal,Solanum melongena,vegetable,Kharif/Rabi/Summer,FarmGuide crop layer; Maharashtra agro-advisory context,https://icar.gov.in/sites/default/files/Circulars/ICAR-En-Kharif-Agro-Advisories-for-Farmers-2025.pdf,curated crop list; local suitability varies by district/microclimate,2026-10-03
CR006,Okra,Abelmoschus esculentus,vegetable,Kharif/Summer,FarmGuide crop layer; Maharashtra agro-advisory context,https://icar.gov.in/sites/default/files/Circulars/ICAR-En-Kharif-Agro-Advisories-for-Farmers-2025.pdf,curated crop list; local suitability varies by district/microclimate,2026-10-03
CR007,Cabbage,Brassica oleracea var. capitata,vegetable,Rabi,FarmGuide crop layer; Maharashtra agro-advisory context,https://icar.gov.in/sites/default/files/Circulars/ICAR-En-Kharif-Agro-Advisories-for-Farmers-2025.pdf,curated crop list; local suitability varies by district/microclimate,2026-10-03
CR008,Cauliflower,Brassica oleracea var. botrytis,vegetable,Rabi,FarmGuide crop layer; Maharashtra agro-advisory context,https://icar.gov.in/sites/default/files/Circulars/ICAR-En-Kharif-Agro-Advisories-for-Farmers-2025.pdf,curated crop list; local suitability varies by district/microclimate,2026-10-03
CR009,Cucumber,Cucumis sativus,vegetable,Summer/Kharif,FarmGuide crop layer; Maharashtra agro-advisory context,https://icar.gov.in/sites/default/files/Circulars/ICAR-En-Kharif-Agro-Advisories-for-Farmers-2025.pdf,curated crop list; local suitability varies by district/microclimate,2026-10-03
CR010,Grapes,Vitis vinifera,fruit,Perennial,FarmGuide crop layer; Maharashtra agro-advisory context,https://icar.gov.in/sites/default/files/Circulars/ICAR-En-Kharif-Agro-Advisories-for-Farmers-2025.pdf,curated crop list; local suitability varies by district/microclimate,2026-10-03
CR011,Pomegranate,Punica granatum,fruit,Perennial,FarmGuide crop layer; Maharashtra agro-advisory context,https://icar.gov.in/sites/default/files/Circulars/ICAR-En-Kharif-Agro-Advisories-for-Farmers-2025.pdf,curated crop list; local suitability varies by district/microclimate,2026-10-03
CR012,Banana,Musa spp.,fruit,Perennial,FarmGuide crop layer; Maharashtra agro-advisory context,https://icar.gov.in/sites/default/files/Circulars/ICAR-En-Kharif-Agro-Advisories-for-Farmers-2025.pdf,curated crop list; local suitability varies by district/microclimate,2026-10-03
CR013,Orange,Citrus sinensis,fruit,Perennial,FarmGuide crop layer; Maharashtra agro-advisory context,https://icar.gov.in/sites/default/files/Circulars/ICAR-En-Kharif-Agro-Advisories-for-Farmers-2025.pdf,curated crop list; local suitability varies by district/microclimate,2026-10-03
CR014,Sweet Orange,Citrus sinensis,fruit,Perennial,FarmGuide crop layer; Maharashtra agro-advisory context,https://icar.gov.in/sites/default/files/Circulars/ICAR-En-Kharif-Agro-Advisories-for-Farmers-2025.pdf,curated crop list; local suitability varies by district/microclimate,2026-10-03
CR015,Mango,Mangifera indica,fruit,Perennial,FarmGuide crop layer; Maharashtra agro-advisory context,https://icar.gov.in/sites/default/files/Circulars/ICAR-En-Kharif-Agro-Advisories-for-Farmers-2025.pdf,curated crop list; local suitability varies by district/microclimate,2026-10-03
CR016,Papaya,Carica papaya,fruit,Perennial,FarmGuide crop layer; Maharashtra agro-advisory context,https://icar.gov.in/sites/default/files/Circulars/ICAR-En-Kharif-Agro-Advisories-for-Farmers-2025.pdf,curated crop list; local suitability varies by district/microclimate,2026-10-03
CR017,Guava,Psidium guajava,fruit,Perennial,FarmGuide crop layer; Maharashtra agro-advisory context,https://icar.gov.in/sites/default/files/Circulars/ICAR-En-Kharif-Agro-Advisories-for-Farmers-2025.pdf,curated crop list; local suitability varies by district/microclimate,2026-10-03
CR018,Apple,Malus domestica,fruit,Perennial,FarmGuide crop layer; Maharashtra agro-advisory context,https://icar.gov.in/sites/default/files/Circulars/ICAR-En-Kharif-Agro-Advisories-for-Farmers-2025.pdf,curated crop list; local suitability varies by district/microclimate,2026-10-03
CR019,Peach,Prunus persica,fruit,Perennial,FarmGuide crop layer; Maharashtra agro-advisory context,https://icar.gov.in/sites/default/files/Circulars/ICAR-En-Kharif-Agro-Advisories-for-Farmers-2025.pdf,curated crop list; local suitability varies by district/microclimate,2026-10-03
CR020,Cherry,Prunus avium,fruit,Perennial,FarmGuide crop layer; Maharashtra agro-advisory context,https://icar.gov.in/sites/default/files/Circulars/ICAR-En-Kharif-Agro-Advisories-for-Farmers-2025.pdf,curated crop list; local suitability varies by district/microclimate,2026-10-03
CR021,Strawberry,Fragaria × ananassa,fruit,Rabi,FarmGuide crop layer; Maharashtra agro-advisory context,https://icar.gov.in/sites/default/files/Circulars/ICAR-En-Kharif-Agro-Advisories-for-Farmers-2025.pdf,curated crop list; local suitability varies by district/microclimate,2026-10-03
CR022,Cotton,Gossypium hirsutum,field crop,Kharif,FarmGuide crop layer; Maharashtra agro-advisory context,https://icar.gov.in/sites/default/files/Circulars/ICAR-En-Kharif-Agro-Advisories-for-Farmers-2025.pdf,curated crop list; local suitability varies by district/microclimate,2026-10-03
CR023,Soybean,Glycine max,field crop,Kharif,FarmGuide crop layer; Maharashtra agro-advisory context,https://icar.gov.in/sites/default/files/Circulars/ICAR-En-Kharif-Agro-Advisories-for-Farmers-2025.pdf,curated crop list; local suitability varies by district/microclimate,2026-10-03
CR024,Pigeonpea,Cajanus cajan,pulse,Kharif,FarmGuide crop layer; Maharashtra agro-advisory context,https://icar.gov.in/sites/default/files/Circulars/ICAR-En-Kharif-Agro-Advisories-for-Farmers-2025.pdf,curated crop list; local suitability varies by district/microclimate,2026-10-03
CR025,Chickpea,Cicer arietinum,pulse,Rabi,FarmGuide crop layer; Maharashtra agro-advisory context,https://icar.gov.in/sites/default/files/Circulars/ICAR-En-Kharif-Agro-Advisories-for-Farmers-2025.pdf,curated crop list; local suitability varies by district/microclimate,2026-10-03
CR026,Blackgram,Vigna mungo,pulse,Kharif,FarmGuide crop layer; Maharashtra agro-advisory context,https://icar.gov.in/sites/default/files/Circulars/ICAR-En-Kharif-Agro-Advisories-for-Farmers-2025.pdf,curated crop list; local suitability varies by district/microclimate,2026-10-03
CR027,Greengram,Vigna radiata,pulse,Kharif,FarmGuide crop layer; Maharashtra agro-advisory context,https://icar.gov.in/sites/default/files/Circulars/ICAR-En-Kharif-Agro-Advisories-for-Farmers-2025.pdf,curated crop list; local suitability varies by district/microclimate,2026-10-03
CR028,Groundnut,Arachis hypogaea,oilseed,Kharif,FarmGuide crop layer; Maharashtra agro-advisory context,https://icar.gov.in/sites/default/files/Circulars/ICAR-En-Kharif-Agro-Advisories-for-Farmers-2025.pdf,curated crop list; local suitability varies by district/microclimate,2026-10-03
CR029,Sorghum,Sorghum bicolor,cereal,Kharif/Rabi,FarmGuide crop layer; Maharashtra agro-advisory context,https://icar.gov.in/sites/default/files/Circulars/ICAR-En-Kharif-Agro-Advisories-for-Farmers-2025.pdf,curated crop list; local suitability varies by district/microclimate,2026-10-03
CR030,Pearl Millet,Pennisetum glaucum,cereal,Kharif,FarmGuide crop layer; Maharashtra agro-advisory context,https://icar.gov.in/sites/default/files/Circulars/ICAR-En-Kharif-Agro-Advisories-for-Farmers-2025.pdf,curated crop list; local suitability varies by district/microclimate,2026-10-03
CR031,Rice,Oryza sativa,cereal,Kharif,FarmGuide crop layer; Maharashtra agro-advisory context,https://icar.gov.in/sites/default/files/Circulars/ICAR-En-Kharif-Agro-Advisories-for-Farmers-2025.pdf,curated crop list; local suitability varies by district/microclimate,2026-10-03
CR032,Wheat,Triticum aestivum,cereal,Rabi,FarmGuide crop layer; Maharashtra agro-advisory context,https://icar.gov.in/sites/default/files/Circulars/ICAR-En-Kharif-Agro-Advisories-for-Farmers-2025.pdf,curated crop list; local suitability varies by district/microclimate,2026-10-03
CR033,Maize,Zea mays,cereal,Kharif/Rabi,FarmGuide crop layer; Maharashtra agro-advisory context,https://icar.gov.in/sites/default/files/Circulars/ICAR-En-Kharif-Agro-Advisories-for-Farmers-2025.pdf,curated crop list; local suitability varies by district/microclimate,2026-10-03
CR034,Sugarcane,Saccharum officinarum,commercial crop,Perennial,FarmGuide crop layer; Maharashtra agro-advisory context,https://icar.gov.in/sites/default/files/Circulars/ICAR-En-Kharif-Agro-Advisories-for-Farmers-2025.pdf,curated crop list; local suitability varies by district/microclimate,2026-10-03
CR035,Turmeric,Curcuma longa,spice,Kharif,FarmGuide crop layer; Maharashtra agro-advisory context,https://icar.gov.in/sites/default/files/Circulars/ICAR-En-Kharif-Agro-Advisories-for-Farmers-2025.pdf,curated crop list; local suitability varies by district/microclimate,2026-10-03
CR036,Ginger,Zingiber officinale,spice,Kharif,FarmGuide crop layer; Maharashtra agro-advisory context,https://icar.gov.in/sites/default/files/Circulars/ICAR-En-Kharif-Agro-Advisories-for-Farmers-2025.pdf,curated crop list; local suitability varies by district/microclimate,2026-10-03
