crop,alias,language,verification_status
Tomato,tamatar,Marathi/common local usage,common-use alias; review before UI localization
Potato,batata,Marathi/common local usage,common-use alias; review before UI localization
Chilli,mirchi,Marathi/common local usage,common-use alias; review before UI localization
Onion,kanda,Marathi/common local usage,common-use alias; review before UI localization
Brinjal,vangi,Marathi/common local usage,common-use alias; review before UI localization
Okra,bhendi,Marathi/common local usage,common-use alias; review before UI localization
Grapes,draksha,Marathi/common local usage,common-use alias; review before UI localization
Pomegranate,dalimb,Marathi/common local usage,common-use alias; review before UI localization
Banana,keli,Marathi/common local usage,common-use alias; review before UI localization
Cotton,kapus,Marathi/common local usage,common-use alias; review before UI localization
Soybean,soyabean,Marathi/common local usage,common-use alias; review before UI localization
Pigeonpea,tur,Marathi/common local usage,common-use alias; review before UI localization
Chickpea,harbhara,Marathi/common local usage,common-use alias; review before UI localization
Sorghum,jowar,Marathi/common local usage,common-use alias; review before UI localization
Pearl Millet,bajra,Marathi/common local usage,common-use alias; review before UI localization
Rice,bhata,Marathi/common local usage,common-use alias; review before UI localization
Wheat,gahu,Marathi/common local usage,common-use alias; review before UI localization
Maize,makka,Marathi/common local usage,common-use alias; review before UI localization
Sugarcane,us,Marathi/common local usage,common-use alias; review before UI localization
Turmeric,halad,Marathi/common local usage,common-use alias; review before UI localization
Ginger,ale,Marathi/common local usage,common-use alias; review before UI localization
