disease_id,crop,disease,disease_type,model_supported,current_model_note,temp_min_c,temp_max_c,humidity_min_pct,humidity_max_pct,rainfall_trigger,leaf_wetness,symptoms,management_note,source_org,source_url,verification_status,last_verified
DS001,Tomato,Bacterial spot,bacterial,True,Can be surfaced as AI-detectable only when model_supported=True; otherwise advisory-only.,20,30,75,100,frequent rain/splash,high,small dark water-soaked leaf spots; fruit lesions,"Use clean seed/transplants, reduce leaf wetness and splashing, remove badly affected material, and follow locally approved bactericide labels.",FarmGuide curated disease knowledge base,https://www.pdkv.ac.in/?page_id=11966,curated; source-guided; expert verification recommended for production advisory,2026-10-03
DS002,Tomato,Early blight,fungal,True,Can be surfaced as AI-detectable only when model_supported=True; otherwise advisory-only.,20,30,70,100,rain/dew periods,high,brown concentric leaf lesions; lower leaves affected first,"Crop rotation, residue management, good spacing and canopy ventilation; use locally recommended fungicide only when advised.",FarmGuide curated disease knowledge base,https://www.pdkv.ac.in/?page_id=11966,curated; source-guided; expert verification recommended for production advisory,2026-10-03
DS003,Tomato,Late blight,oomycete,True,Can be surfaced as AI-detectable only when model_supported=True; otherwise advisory-only.,10,25,85,100,cool wet weather,very high,dark water-soaked lesions; rapid foliage collapse under favorable weather,"Avoid prolonged leaf wetness, improve ventilation, remove infected material and follow local disease-warning recommendations.",FarmGuide curated disease knowledge base,https://www.pdkv.ac.in/?page_id=11966,curated; source-guided; expert verification recommended for production advisory,2026-10-03
DS004,Tomato,Leaf mold,fungal,True,Can be surfaced as AI-detectable only when model_supported=True; otherwise advisory-only.,18,27,85,100,humid/cloudy weather,high,yellow upper-leaf patches with olive-green growth below,"Improve ventilation, avoid excessive humidity, use resistant cultivars where available and follow local recommendations.",FarmGuide curated disease knowledge base,https://www.pdkv.ac.in/?page_id=11966,curated; source-guided; expert verification recommended for production advisory,2026-10-03
DS005,Tomato,Septoria leaf spot,fungal,True,Can be surfaced as AI-detectable only when model_supported=True; otherwise advisory-only.,18,28,75,100,rain/dew and splash,high,many small circular spots with dark margins and pale centers,"Sanitation, crop rotation, avoid overhead irrigation and use locally approved fungicide recommendations.",FarmGuide curated disease knowledge base,https://www.pdkv.ac.in/?page_id=11966,curated; source-guided; expert verification recommended for production advisory,2026-10-03
DS006,Tomato,Target spot,fungal,True,Can be surfaced as AI-detectable only when model_supported=True; otherwise advisory-only.,20,30,75,100,rain/high humidity,high,concentric target-like lesions on leaves and fruit,"Reduce canopy humidity, remove infected residue and use integrated disease management.",FarmGuide curated disease knowledge base,https://www.pdkv.ac.in/?page_id=11966,curated; source-guided; expert verification recommended for production advisory,2026-10-03
DS007,Tomato,Tomato yellow leaf curl virus,viral,True,Can be surfaced as AI-detectable only when model_supported=True; otherwise advisory-only.,20,32,60,95,whitefly-favorable warm weather,medium-high,"leaf curling, yellowing, stunting","Use healthy seedlings, manage whitefly vectors, remove infected plants where recommended and use tolerant varieties.",FarmGuide curated disease knowledge base,https://www.pdkv.ac.in/?page_id=11966,curated; source-guided; expert verification recommended for production advisory,2026-10-03
DS008,Tomato,Tomato mosaic virus,viral,True,Can be surfaced as AI-detectable only when model_supported=True; otherwise advisory-only.,18,30,50,90,mechanical spread; moist handling,medium,"mosaic mottling, distortion and stunting","Use clean seed, sanitize tools/hands, remove infected plants and avoid handling healthy plants after infected plants.",FarmGuide curated disease knowledge base,https://www.pdkv.ac.in/?page_id=11966,curated; source-guided; expert verification recommended for production advisory,2026-10-03
DS009,Tomato,Powdery mildew,fungal,False,Can be surfaced as AI-detectable only when model_supported=True; otherwise advisory-only.,18,30,50,85,dry weather with humid nights,medium,white powdery growth on leaves,"Improve airflow, avoid dense canopy and use locally approved disease management.",FarmGuide curated disease knowledge base,https://www.pdkv.ac.in/?page_id=11966,curated; source-guided; expert verification recommended for production advisory,2026-10-03
DS010,Tomato,Root-knot nematode,nematode,False,Can be surfaced as AI-detectable only when model_supported=True; otherwise advisory-only.,20,32,40,80,warm moist soil,medium-high,"galls on roots, stunting and uneven growth","Crop rotation, resistant rootstocks/varieties, sanitation and soil-management practices.",FarmGuide curated disease knowledge base,https://www.pdkv.ac.in/?page_id=11966,curated; source-guided; expert verification recommended for production advisory,2026-10-03
DS011,Potato,Early blight,fungal,True,Can be surfaced as AI-detectable only when model_supported=True; otherwise advisory-only.,20,30,70,100,intermittent rain/dew,high,concentric brown lesions on older leaves,"Crop rotation, residue management, balanced nutrition and locally recommended disease control.",FarmGuide curated disease knowledge base,https://www.pdkv.ac.in/?page_id=11966,curated; source-guided; expert verification recommended for production advisory,2026-10-03
DS012,Potato,Late blight,oomycete,True,Can be surfaced as AI-detectable only when model_supported=True; otherwise advisory-only.,10,25,85,100,cool wet weather,very high,water-soaked dark lesions and rapid blighting,"Monitor weather/disease warnings, reduce leaf wetness and follow local advisory recommendations.",FarmGuide curated disease knowledge base,https://www.pdkv.ac.in/?page_id=11966,curated; source-guided; expert verification recommended for production advisory,2026-10-03
DS013,Potato,Black scurf,fungal,False,Can be surfaced as AI-detectable only when model_supported=True; otherwise advisory-only.,15,25,50,90,cool moist soil,medium,black sclerotia on tuber surface and weak sprouts,"Use clean seed tubers, crop rotation, good drainage and recommended seed-treatment practices.",FarmGuide curated disease knowledge base,https://www.pdkv.ac.in/?page_id=11966,curated; source-guided; expert verification recommended for production advisory,2026-10-03
DS014,Chilli,Anthracnose/fruit rot,fungal,False,Can be surfaced as AI-detectable only when model_supported=True; otherwise advisory-only.,20,30,80,100,rain/humidity,high,sunken dark fruit lesions and dieback,"Use clean seed, field sanitation, canopy ventilation and locally recommended disease management.",FarmGuide curated disease knowledge base,https://www.pdkv.ac.in/?page_id=11966,curated; source-guided; expert verification recommended for production advisory,2026-10-03
DS015,Chilli,Leaf curl complex,viral,False,Can be surfaced as AI-detectable only when model_supported=True; otherwise advisory-only.,22,32,55,95,warm weather with vector pressure,medium-high,"leaf curling, puckering and stunting","Use healthy seedlings, vector management and tolerant varieties where available.",FarmGuide curated disease knowledge base,https://www.pdkv.ac.in/?page_id=11966,curated; source-guided; expert verification recommended for production advisory,2026-10-03
DS016,Chilli,Powdery mildew,fungal,False,Can be surfaced as AI-detectable only when model_supported=True; otherwise advisory-only.,18,28,50,85,humid nights/dry foliage,medium,white powdery growth and yellowing,Improve airflow and follow local advisory guidance.,FarmGuide curated disease knowledge base,https://www.pdkv.ac.in/?page_id=11966,curated; source-guided; expert verification recommended for production advisory,2026-10-03
DS017,Onion,Purple blotch,fungal,False,Can be surfaced as AI-detectable only when model_supported=True; otherwise advisory-only.,20,30,75,100,rain/dew,high,purple-brown concentric lesions on leaves,"Use clean planting material, spacing, irrigation management and locally recommended fungicide program.",FarmGuide curated disease knowledge base,https://www.pdkv.ac.in/?page_id=11966,curated; source-guided; expert verification recommended for production advisory,2026-10-03
DS018,Onion,Stemphylium blight,fungal,False,Can be surfaced as AI-detectable only when model_supported=True; otherwise advisory-only.,20,30,75,100,humid/rainy periods,high,dark elongated leaf lesions and drying,"Reduce prolonged leaf wetness, sanitation and integrated disease management.",FarmGuide curated disease knowledge base,https://www.pdkv.ac.in/?page_id=11966,curated; source-guided; expert verification recommended for production advisory,2026-10-03
DS019,Onion,Downy mildew,oomycete,False,Can be surfaced as AI-detectable only when model_supported=True; otherwise advisory-only.,10,25,85,100,cool humid weather,high,pale patches with gray-violet growth,"Improve airflow, avoid prolonged wetness and follow local advisories.",FarmGuide curated disease knowledge base,https://www.pdkv.ac.in/?page_id=11966,curated; source-guided; expert verification recommended for production advisory,2026-10-03
DS020,Onion,Basal rot,fungal,False,Can be surfaced as AI-detectable only when model_supported=True; otherwise advisory-only.,20,32,50,90,warm soil/irrigation stress,medium,"yellowing, wilting and basal bulb rot","Use healthy bulbs, drainage, crop rotation and sanitation.",FarmGuide curated disease knowledge base,https://www.pdkv.ac.in/?page_id=11966,curated; source-guided; expert verification recommended for production advisory,2026-10-03
DS021,Brinjal,Phomopsis fruit rot,fungal,False,Can be surfaced as AI-detectable only when model_supported=True; otherwise advisory-only.,20,32,75,100,rain/humidity,high,circular sunken fruit lesions and rotting,"Sanitation, remove infected fruits, improve canopy ventilation and use local recommendations.",FarmGuide curated disease knowledge base,https://www.pdkv.ac.in/?page_id=11966,curated; source-guided; expert verification recommended for production advisory,2026-10-03
DS022,Brinjal,Bacterial wilt,bacterial,False,Can be surfaced as AI-detectable only when model_supported=True; otherwise advisory-only.,24,35,60,95,warm wet soil,high,sudden wilt with green leaves; vascular discoloration,"Use resistant material where available, crop rotation, sanitation and avoid moving contaminated soil/water.",FarmGuide curated disease knowledge base,https://www.pdkv.ac.in/?page_id=11966,curated; source-guided; expert verification recommended for production advisory,2026-10-03
DS023,Brinjal,Little leaf disease,phytoplasma,False,Can be surfaced as AI-detectable only when model_supported=True; otherwise advisory-only.,20,32,50,90,warm vector-favorable weather,medium-high,"small chlorotic leaves, shortened internodes, bushy growth",Remove infected plants and manage leafhopper vectors using integrated practices.,FarmGuide curated disease knowledge base,https://www.pdkv.ac.in/?page_id=11966,curated; source-guided; expert verification recommended for production advisory,2026-10-03
DS024,Okra,Yellow vein mosaic virus,viral,False,Can be surfaced as AI-detectable only when model_supported=True; otherwise advisory-only.,22,32,55,95,warm weather/whitefly pressure,high,"yellow veins, mosaic and reduced pod production","Use tolerant varieties, healthy seedlings and integrated whitefly management.",FarmGuide curated disease knowledge base,https://www.pdkv.ac.in/?page_id=11966,curated; source-guided; expert verification recommended for production advisory,2026-10-03
DS025,Okra,Powdery mildew,fungal,False,Can be surfaced as AI-detectable only when model_supported=True; otherwise advisory-only.,18,30,50,85,humid nights/dry foliage,medium,white powdery patches on leaves,Improve airflow and follow local disease management.,FarmGuide curated disease knowledge base,https://www.pdkv.ac.in/?page_id=11966,curated; source-guided; expert verification recommended for production advisory,2026-10-03
DS026,Cabbage,Downy mildew,oomycete,False,Can be surfaced as AI-detectable only when model_supported=True; otherwise advisory-only.,10,25,80,100,cool humid weather,high,yellow angular leaf patches with downy growth,"Avoid prolonged leaf wetness, use clean seedlings and follow local recommendations.",FarmGuide curated disease knowledge base,https://www.pdkv.ac.in/?page_id=11966,curated; source-guided; expert verification recommended for production advisory,2026-10-03
DS027,Cabbage,Black rot,bacterial,False,Can be surfaced as AI-detectable only when model_supported=True; otherwise advisory-only.,20,30,70,100,rain/splash,high,V-shaped yellow lesions from leaf margins,"Use clean seed, sanitation, rotation and avoid overhead irrigation.",FarmGuide curated disease knowledge base,https://www.pdkv.ac.in/?page_id=11966,curated; source-guided; expert verification recommended for production advisory,2026-10-03
DS028,Cauliflower,Downy mildew,oomycete,False,Can be surfaced as AI-detectable only when model_supported=True; otherwise advisory-only.,10,25,80,100,cool humid weather,high,yellow leaf spots and downy growth,"Improve airflow, sanitation and locally recommended protection.",FarmGuide curated disease knowledge base,https://www.pdkv.ac.in/?page_id=11966,curated; source-guided; expert verification recommended for production advisory,2026-10-03
DS029,Cucumber,Downy mildew,oomycete,False,Can be surfaced as AI-detectable only when model_supported=True; otherwise advisory-only.,15,28,80,100,humid/rainy weather,very high,angular yellow leaf lesions,"Reduce leaf wetness, improve airflow and monitor disease advisories.",FarmGuide curated disease knowledge base,https://www.pdkv.ac.in/?page_id=11966,curated; source-guided; expert verification recommended for production advisory,2026-10-03
DS030,Cucumber,Powdery mildew,fungal,False,Can be surfaced as AI-detectable only when model_supported=True; otherwise advisory-only.,20,30,50,85,humid nights/dry foliage,medium-high,white powdery colonies on leaves,Use resistant varieties where available and integrated disease management.,FarmGuide curated disease knowledge base,https://www.pdkv.ac.in/?page_id=11966,curated; source-guided; expert verification recommended for production advisory,2026-10-03
DS031,Grapes,Powdery mildew,fungal,False,Can be surfaced as AI-detectable only when model_supported=True; otherwise advisory-only.,18,30,45,85,humid canopy; dry leaf surface,high,white powdery growth on berries and leaves,"Canopy management, sanitation and locally recommended disease-control schedule.",FarmGuide curated disease knowledge base,https://www.pdkv.ac.in/?page_id=11966,curated; source-guided; expert verification recommended for production advisory,2026-10-03
DS032,Grapes,Downy mildew,oomycete,False,Can be surfaced as AI-detectable only when model_supported=True; otherwise advisory-only.,18,28,80,100,rain/high humidity,very high,yellow oil spots with white downy growth,"Reduce canopy wetness, monitor weather and follow regional grape advisory schedules.",FarmGuide curated disease knowledge base,https://www.pdkv.ac.in/?page_id=11966,curated; source-guided; expert verification recommended for production advisory,2026-10-03
DS033,Grapes,Black rot,fungal,True,Can be surfaced as AI-detectable only when model_supported=True; otherwise advisory-only.,20,30,75,100,rain/humidity,high,brown leaf lesions and blackened shriveled berries,"Remove mummified fruit, sanitation, canopy ventilation and local advisory-based protection.",FarmGuide curated disease knowledge base,https://www.pdkv.ac.in/?page_id=11966,curated; source-guided; expert verification recommended for production advisory,2026-10-03
DS034,Grapes,Anthracnose,fungal,False,Can be surfaced as AI-detectable only when model_supported=True; otherwise advisory-only.,20,30,75,100,rain/humidity,high,"dark sunken lesions on shoots, leaves and berries","Prune infected tissue, sanitation and follow local recommendations.",FarmGuide curated disease knowledge base,https://www.pdkv.ac.in/?page_id=11966,curated; source-guided; expert verification recommended for production advisory,2026-10-03
DS035,Grapes,Leaf blight,fungal,True,Can be surfaced as AI-detectable only when model_supported=True; otherwise advisory-only.,22,32,70,100,warm humid weather,high,necrotic leaf lesions and defoliation,"Canopy ventilation, sanitation and locally approved management.",FarmGuide curated disease knowledge base,https://www.pdkv.ac.in/?page_id=11966,curated; source-guided; expert verification recommended for production advisory,2026-10-03
DS036,Grapes,Bacterial leaf spot,bacterial,False,Can be surfaced as AI-detectable only when model_supported=True; otherwise advisory-only.,22,32,70,100,rain/splash,medium-high,water-soaked to dark leaf spots,"Clean planting material, avoid splash and use local advisory guidance.",FarmGuide curated disease knowledge base,https://www.pdkv.ac.in/?page_id=11966,curated; source-guided; expert verification recommended for production advisory,2026-10-03
DS037,Pomegranate,Bacterial blight,bacterial,False,Can be surfaced as AI-detectable only when model_supported=True; otherwise advisory-only.,22,32,70,100,rain/humidity,very high,"dark water-soaked spots, fruit cracking/lesions","Sanitation, canopy ventilation, clean planting material and follow local pomegranate advisories.",FarmGuide curated disease knowledge base,https://www.pdkv.ac.in/?page_id=11966,curated; source-guided; expert verification recommended for production advisory,2026-10-03
DS038,Pomegranate,Alternaria fruit spot,fungal,False,Can be surfaced as AI-detectable only when model_supported=True; otherwise advisory-only.,20,32,65,100,rain/humidity,high,dark fruit spots and leaf lesions,"Remove infected debris/fruits, improve canopy airflow and follow local recommendations.",FarmGuide curated disease knowledge base,https://www.pdkv.ac.in/?page_id=11966,curated; source-guided; expert verification recommended for production advisory,2026-10-03
DS039,Pomegranate,Wilt complex,fungal/soil-borne,False,Can be surfaced as AI-detectable only when model_supported=True; otherwise advisory-only.,22,35,50,90,warm soil and moisture stress,medium-high,"yellowing, wilting and vascular/root damage","Drainage, sanitation, crop rotation where feasible and certified planting material.",FarmGuide curated disease knowledge base,https://www.pdkv.ac.in/?page_id=11966,curated; source-guided; expert verification recommended for production advisory,2026-10-03
DS040,Banana,Panama disease/Fusarium wilt,fungal,False,Can be surfaced as AI-detectable only when model_supported=True; otherwise advisory-only.,24,32,55,90,warm moist soil,high,"yellowing, leaf collapse and vascular discoloration","Use clean planting material, drainage, sanitation and resistant/tolerant cultivars where available.",FarmGuide curated disease knowledge base,https://www.pdkv.ac.in/?page_id=11966,curated; source-guided; expert verification recommended for production advisory,2026-10-03
DS041,Banana,Sigatoka leaf spot,fungal,False,Can be surfaced as AI-detectable only when model_supported=True; otherwise advisory-only.,22,30,75,100,humid/rainy weather,high,dark streaks/spots and premature leaf drying,"Canopy management, sanitation and locally recommended protection.",FarmGuide curated disease knowledge base,https://www.pdkv.ac.in/?page_id=11966,curated; source-guided; expert verification recommended for production advisory,2026-10-03
DS042,Banana,Bunchy top virus,viral,False,Can be surfaced as AI-detectable only when model_supported=True; otherwise advisory-only.,20,30,50,90,vector pressure,high,bunched narrow leaves and severe stunting,"Use virus-free planting material, rogue infected plants and manage vectors.",FarmGuide curated disease knowledge base,https://www.pdkv.ac.in/?page_id=11966,curated; source-guided; expert verification recommended for production advisory,2026-10-03
DS043,Orange,Citrus greening (HLB),bacterial,True,Can be surfaced as AI-detectable only when model_supported=True; otherwise advisory-only.,20,32,50,90,vector-favorable warm weather,high,"blotchy mottling, small misshapen fruit and decline","Use certified planting material, monitor/manage psyllid vectors and remove confirmed infected trees per local guidance.",FarmGuide curated disease knowledge base,https://www.pdkv.ac.in/?page_id=11966,curated; source-guided; expert verification recommended for production advisory,2026-10-03
DS044,Orange,Citrus canker,bacterial,False,Can be surfaced as AI-detectable only when model_supported=True; otherwise advisory-only.,24,32,75,100,rain/splash,high,raised corky leaf and fruit lesions,"Use clean planting material, sanitation, windbreaks and local advisory management.",FarmGuide curated disease knowledge base,https://www.pdkv.ac.in/?page_id=11966,curated; source-guided; expert verification recommended for production advisory,2026-10-03
DS045,Mango,Powdery mildew,fungal,False,Can be surfaced as AI-detectable only when model_supported=True; otherwise advisory-only.,18,30,50,90,cool humid flowering weather,high,white powdery growth on panicles and young tissues,Improve orchard airflow and follow local mango advisories.,FarmGuide curated disease knowledge base,https://www.pdkv.ac.in/?page_id=11966,curated; source-guided; expert verification recommended for production advisory,2026-10-03
DS046,Mango,Anthracnose,fungal,False,Can be surfaced as AI-detectable only when model_supported=True; otherwise advisory-only.,20,32,75,100,rain/humidity,high,"dark lesions on leaves, flowers and fruit","Pruning, sanitation, canopy ventilation and local disease management.",FarmGuide curated disease knowledge base,https://www.pdkv.ac.in/?page_id=11966,curated; source-guided; expert verification recommended for production advisory,2026-10-03
DS047,Mango,Bacterial black spot,bacterial,False,Can be surfaced as AI-detectable only when model_supported=True; otherwise advisory-only.,22,32,75,100,rain/wind-driven splash,medium-high,black angular spots and fruit lesions,"Use clean material, orchard sanitation and reduce splash/wind injury where practical.",FarmGuide curated disease knowledge base,https://www.pdkv.ac.in/?page_id=11966,curated; source-guided; expert verification recommended for production advisory,2026-10-03
DS048,Papaya,Papaya ringspot virus,viral,False,Can be surfaced as AI-detectable only when model_supported=True; otherwise advisory-only.,22,32,50,90,vector-favorable warm weather,high,"mosaic, leaf distortion and ring-like fruit markings","Use healthy seedlings, vector management and remove severely affected plants.",FarmGuide curated disease knowledge base,https://www.pdkv.ac.in/?page_id=11966,curated; source-guided; expert verification recommended for production advisory,2026-10-03
DS049,Papaya,Phytophthora fruit/root rot,oomycete,False,Can be surfaced as AI-detectable only when model_supported=True; otherwise advisory-only.,20,30,75,100,waterlogging/rain,high,root/collar rot and fruit decay,"Improve drainage, avoid waterlogging, sanitation and local advisory guidance.",FarmGuide curated disease knowledge base,https://www.pdkv.ac.in/?page_id=11966,curated; source-guided; expert verification recommended for production advisory,2026-10-03
DS050,Guava,Wilt complex,fungal/soil-borne,False,Can be surfaced as AI-detectable only when model_supported=True; otherwise advisory-only.,22,35,50,90,warm soil and moisture stress,medium-high,"yellowing, wilt and branch dieback","Use healthy planting material, soil drainage, sanitation and local recommendations.",FarmGuide curated disease knowledge base,https://www.pdkv.ac.in/?page_id=11966,curated; source-guided; expert verification recommended for production advisory,2026-10-03
DS051,Guava,Anthracnose,fungal,False,Can be surfaced as AI-detectable only when model_supported=True; otherwise advisory-only.,20,32,75,100,rain/humidity,high,dark fruit and leaf lesions,"Sanitation, canopy management and local disease-control recommendations.",FarmGuide curated disease knowledge base,https://www.pdkv.ac.in/?page_id=11966,curated; source-guided; expert verification recommended for production advisory,2026-10-03
DS052,Apple,Apple scab,fungal,True,Can be surfaced as AI-detectable only when model_supported=True; otherwise advisory-only.,8,24,80,100,cool wet periods,very high,olive-brown leaf/fruit lesions,"Remove infected leaf litter, improve canopy airflow and follow local orchard advisories.",FarmGuide curated disease knowledge base,https://www.pdkv.ac.in/?page_id=11966,curated; source-guided; expert verification recommended for production advisory,2026-10-03
DS053,Apple,Black rot,fungal,True,Can be surfaced as AI-detectable only when model_supported=True; otherwise advisory-only.,18,30,70,100,warm wet periods,high,frog-eye leaf spots and fruit rot,"Sanitation, pruning and removal of mummified fruit; follow local recommendations.",FarmGuide curated disease knowledge base,https://www.pdkv.ac.in/?page_id=11966,curated; source-guided; expert verification recommended for production advisory,2026-10-03
DS054,Apple,Cedar apple rust,fungal,True,Can be surfaced as AI-detectable only when model_supported=True; otherwise advisory-only.,15,25,70,100,spring moisture,medium-high,orange-yellow leaf spots,Remove alternate hosts where practical and follow local orchard guidance.,FarmGuide curated disease knowledge base,https://www.pdkv.ac.in/?page_id=11966,curated; source-guided; expert verification recommended for production advisory,2026-10-03
DS055,Peach,Bacterial spot,bacterial,True,Can be surfaced as AI-detectable only when model_supported=True; otherwise advisory-only.,20,30,70,100,rain/humidity,high,"leaf spots, shot holes and fruit lesions","Sanitation, healthy planting material and local advisory management.",FarmGuide curated disease knowledge base,https://www.pdkv.ac.in/?page_id=11966,curated; source-guided; expert verification recommended for production advisory,2026-10-03
DS056,Cherry,Powdery mildew,fungal,True,Can be surfaced as AI-detectable only when model_supported=True; otherwise advisory-only.,18,28,50,85,humid nights/dry foliage,medium-high,white powdery leaf and fruit growth,"Airflow, pruning and local orchard recommendations.",FarmGuide curated disease knowledge base,https://www.pdkv.ac.in/?page_id=11966,curated; source-guided; expert verification recommended for production advisory,2026-10-03
DS057,Strawberry,Leaf scorch,fungal,True,Can be surfaced as AI-detectable only when model_supported=True; otherwise advisory-only.,18,28,65,100,humid/rainy weather,high,purple-brown leaf lesions and scorched appearance,"Remove infected leaves, reduce prolonged wetness and use local recommendations.",FarmGuide curated disease knowledge base,https://www.pdkv.ac.in/?page_id=11966,curated; source-guided; expert verification recommended for production advisory,2026-10-03
DS058,Cotton,Bacterial blight,bacterial,False,Can be surfaced as AI-detectable only when model_supported=True; otherwise advisory-only.,24,32,70,100,rain/splash,high,angular water-soaked lesions and black arm lesions,"Use clean seed, resistant/tolerant varieties, sanitation and locally recommended protection.",FarmGuide curated disease knowledge base,https://www.pdkv.ac.in/?page_id=11966,curated; source-guided; expert verification recommended for production advisory,2026-10-03
DS059,Cotton,Alternaria leaf spot,fungal,False,Can be surfaced as AI-detectable only when model_supported=True; otherwise advisory-only.,22,30,70,100,humid/rainy weather,medium-high,brown circular leaf spots,"Balanced nutrition, sanitation, canopy management and local advisory guidance.",FarmGuide curated disease knowledge base,https://www.pdkv.ac.in/?page_id=11966,curated; source-guided; expert verification recommended for production advisory,2026-10-03
DS060,Cotton,Fusarium wilt,fungal,False,Can be surfaced as AI-detectable only when model_supported=True; otherwise advisory-only.,25,35,45,85,warm soil,medium-high,"yellowing, wilting and vascular browning","Crop rotation, resistant varieties and clean planting material.",FarmGuide curated disease knowledge base,https://www.pdkv.ac.in/?page_id=11966,curated; source-guided; expert verification recommended for production advisory,2026-10-03
DS061,Soybean,Yellow mosaic virus,viral,False,Can be surfaced as AI-detectable only when model_supported=True; otherwise advisory-only.,22,32,55,95,warm weather/vector pressure,high,yellow mosaic patches and stunting,"Use tolerant varieties, healthy seed and integrated vector management.",FarmGuide curated disease knowledge base,https://www.pdkv.ac.in/?page_id=11966,curated; source-guided; expert verification recommended for production advisory,2026-10-03
DS062,Soybean,Charcoal rot,fungal,False,Can be surfaced as AI-detectable only when model_supported=True; otherwise advisory-only.,28,35,35,70,hot/dry stress,medium-high,premature wilting and root/stem discoloration,"Reduce moisture stress where possible, balanced nutrition, rotation and healthy seed.",FarmGuide curated disease knowledge base,https://www.pdkv.ac.in/?page_id=11966,curated; source-guided; expert verification recommended for production advisory,2026-10-03
DS063,Soybean,Rhizoctonia aerial blight,fungal,False,Can be surfaced as AI-detectable only when model_supported=True; otherwise advisory-only.,24,32,75,100,humid/rainy canopy,high,irregular brown lesions and blighting,"Improve canopy airflow, avoid prolonged wetness and follow local guidance.",FarmGuide curated disease knowledge base,https://www.pdkv.ac.in/?page_id=11966,curated; source-guided; expert verification recommended for production advisory,2026-10-03
DS064,Pigeonpea,Fusarium wilt,fungal,False,Can be surfaced as AI-detectable only when model_supported=True; otherwise advisory-only.,24,32,45,85,warm soil,high,"yellowing, wilt and vascular browning","Resistant varieties, crop rotation and healthy seed.",FarmGuide curated disease knowledge base,https://www.pdkv.ac.in/?page_id=11966,curated; source-guided; expert verification recommended for production advisory,2026-10-03
DS065,Pigeonpea,Sterility mosaic disease,viral,False,Can be surfaced as AI-detectable only when model_supported=True; otherwise advisory-only.,20,30,60,90,vector-favorable conditions,high,"mosaic, excessive branching and poor flowering",Use resistant varieties where available and manage mite vectors through integrated practices.,FarmGuide curated disease knowledge base,https://www.pdkv.ac.in/?page_id=11966,curated; source-guided; expert verification recommended for production advisory,2026-10-03
DS066,Pigeonpea,Phytophthora blight,oomycete,False,Can be surfaced as AI-detectable only when model_supported=True; otherwise advisory-only.,22,30,80,100,heavy rain/waterlogging,high,water-soaked lesions and rapid wilt,"Improve drainage, avoid waterlogging and use tolerant varieties where available.",FarmGuide curated disease knowledge base,https://www.pdkv.ac.in/?page_id=11966,curated; source-guided; expert verification recommended for production advisory,2026-10-03
DS067,Chickpea,Fusarium wilt,fungal,False,Can be surfaced as AI-detectable only when model_supported=True; otherwise advisory-only.,20,30,40,80,moderate moisture,high,"drooping, yellowing and vascular browning","Healthy seed, resistant varieties and crop rotation.",FarmGuide curated disease knowledge base,https://www.pdkv.ac.in/?page_id=11966,curated; source-guided; expert verification recommended for production advisory,2026-10-03
DS068,Chickpea,Ascochyta blight,fungal,False,Can be surfaced as AI-detectable only when model_supported=True; otherwise advisory-only.,10,25,75,100,cool wet weather,high,"dark lesions on stems, leaves and pods","Use clean seed, rotation, canopy management and local recommendations.",FarmGuide curated disease knowledge base,https://www.pdkv.ac.in/?page_id=11966,curated; source-guided; expert verification recommended for production advisory,2026-10-03
DS069,Chickpea,Dry root rot,fungal,False,Can be surfaced as AI-detectable only when model_supported=True; otherwise advisory-only.,28,38,30,65,hot/dry stress,medium-high,"dry roots, sudden wilt and plant death","Reduce drought stress where feasible, balanced nutrition and rotation.",FarmGuide curated disease knowledge base,https://www.pdkv.ac.in/?page_id=11966,curated; source-guided; expert verification recommended for production advisory,2026-10-03
DS070,Blackgram,Yellow mosaic virus,viral,False,Can be surfaced as AI-detectable only when model_supported=True; otherwise advisory-only.,22,32,55,95,warm/vector pressure,high,yellow mosaic and stunting,"Use tolerant varieties, healthy seed and vector management.",FarmGuide curated disease knowledge base,https://www.pdkv.ac.in/?page_id=11966,curated; source-guided; expert verification recommended for production advisory,2026-10-03
DS071,Greengram,Yellow mosaic virus,viral,False,Can be surfaced as AI-detectable only when model_supported=True; otherwise advisory-only.,22,32,55,95,warm/vector pressure,high,yellow mosaic and stunting,"Use tolerant varieties, healthy seed and vector management.",FarmGuide curated disease knowledge base,https://www.pdkv.ac.in/?page_id=11966,curated; source-guided; expert verification recommended for production advisory,2026-10-03
DS072,Groundnut,Tikka/early leaf spot,fungal,False,Can be surfaced as AI-detectable only when model_supported=True; otherwise advisory-only.,20,30,75,100,rain/dew,high,small dark leaf spots and defoliation,"Crop rotation, residue management and local advisory-based protection.",FarmGuide curated disease knowledge base,https://www.pdkv.ac.in/?page_id=11966,curated; source-guided; expert verification recommended for production advisory,2026-10-03
DS073,Groundnut,Late leaf spot,fungal,False,Can be surfaced as AI-detectable only when model_supported=True; otherwise advisory-only.,20,30,75,100,rain/dew,high,dark leaf spots with yellowing and defoliation,"Reduce leaf wetness, rotate crops and follow local recommendations.",FarmGuide curated disease knowledge base,https://www.pdkv.ac.in/?page_id=11966,curated; source-guided; expert verification recommended for production advisory,2026-10-03
DS074,Groundnut,Stem rot,fungal,False,Can be surfaced as AI-detectable only when model_supported=True; otherwise advisory-only.,25,35,50,90,warm moist soil,medium-high,stem/collar rot and wilting,"Avoid excessive moisture, sanitation and crop rotation.",FarmGuide curated disease knowledge base,https://www.pdkv.ac.in/?page_id=11966,curated; source-guided; expert verification recommended for production advisory,2026-10-03
DS075,Sorghum,Anthracnose,fungal,False,Can be surfaced as AI-detectable only when model_supported=True; otherwise advisory-only.,22,32,65,100,humid/rainy weather,high,red-brown leaf lesions and stalk infection,"Resistant varieties, rotation, sanitation and local guidance.",FarmGuide curated disease knowledge base,https://www.pdkv.ac.in/?page_id=11966,curated; source-guided; expert verification recommended for production advisory,2026-10-03
DS076,Sorghum,Downy mildew,oomycete,False,Can be surfaced as AI-detectable only when model_supported=True; otherwise advisory-only.,18,28,75,100,cool humid weather,high,chlorotic stripes and downy growth,"Use resistant seed, sanitation and local recommendations.",FarmGuide curated disease knowledge base,https://www.pdkv.ac.in/?page_id=11966,curated; source-guided; expert verification recommended for production advisory,2026-10-03
DS077,Pearl Millet,Downy mildew/green ear,oomycete,False,Can be surfaced as AI-detectable only when model_supported=True; otherwise advisory-only.,20,30,75,100,humid/rainy weather,high,leaf chlorosis and malformed green-ear structures,"Use resistant varieties, clean seed and field sanitation.",FarmGuide curated disease knowledge base,https://www.pdkv.ac.in/?page_id=11966,curated; source-guided; expert verification recommended for production advisory,2026-10-03
DS078,Rice,Blast,fungal,False,Can be surfaced as AI-detectable only when model_supported=True; otherwise advisory-only.,18,30,75,100,humid/cloudy weather,very high,spindle-shaped leaf lesions and neck infection,"Balanced nitrogen, resistant varieties, avoid excessive canopy humidity and follow local advisory.",FarmGuide curated disease knowledge base,https://www.pdkv.ac.in/?page_id=11966,curated; source-guided; expert verification recommended for production advisory,2026-10-03
DS079,Rice,Bacterial leaf blight,bacterial,False,Can be surfaced as AI-detectable only when model_supported=True; otherwise advisory-only.,25,32,75,100,rain/flood splash,high,water-soaked leaf streaks progressing to drying,"Use resistant varieties, balanced nitrogen, clean water management and local recommendations.",FarmGuide curated disease knowledge base,https://www.pdkv.ac.in/?page_id=11966,curated; source-guided; expert verification recommended for production advisory,2026-10-03
DS080,Rice,Sheath blight,fungal,False,Can be surfaced as AI-detectable only when model_supported=True; otherwise advisory-only.,25,32,75,100,warm humid dense canopy,high,oval lesions on leaf sheaths,"Avoid excessive nitrogen, improve spacing/airflow and follow local guidance.",FarmGuide curated disease knowledge base,https://www.pdkv.ac.in/?page_id=11966,curated; source-guided; expert verification recommended for production advisory,2026-10-03
DS081,Wheat,Leaf rust,fungal,False,Can be surfaced as AI-detectable only when model_supported=True; otherwise advisory-only.,15,25,70,100,cool humid weather,high,orange-brown rust pustules,Use resistant varieties and follow local disease surveillance.,FarmGuide curated disease knowledge base,https://www.pdkv.ac.in/?page_id=11966,curated; source-guided; expert verification recommended for production advisory,2026-10-03
DS082,Wheat,Powdery mildew,fungal,False,Can be surfaced as AI-detectable only when model_supported=True; otherwise advisory-only.,15,25,60,95,cool humid weather,medium-high,white powdery colonies on leaves,Avoid dense canopy and follow local recommendations.,FarmGuide curated disease knowledge base,https://www.pdkv.ac.in/?page_id=11966,curated; source-guided; expert verification recommended for production advisory,2026-10-03
DS083,Wheat,Karnal bunt,fungal,False,Can be surfaced as AI-detectable only when model_supported=True; otherwise advisory-only.,15,23,75,100,cool humid flowering weather,medium,dark bunt-infected grains with odor,"Use certified seed, resistant varieties and follow seed-health regulations.",FarmGuide curated disease knowledge base,https://www.pdkv.ac.in/?page_id=11966,curated; source-guided; expert verification recommended for production advisory,2026-10-03
DS084,Maize,Common rust,fungal,True,Can be surfaced as AI-detectable only when model_supported=True; otherwise advisory-only.,16,28,75,100,humid weather,high,rust-colored pustules on leaves,Use tolerant hybrids and monitor fields during humid periods.,FarmGuide curated disease knowledge base,https://www.pdkv.ac.in/?page_id=11966,curated; source-guided; expert verification recommended for production advisory,2026-10-03
DS085,Maize,Northern corn leaf blight,fungal,True,Can be surfaced as AI-detectable only when model_supported=True; otherwise advisory-only.,18,28,75,100,cool humid weather,high,long cigar-shaped leaf lesions,"Use tolerant hybrids, rotation and residue management.",FarmGuide curated disease knowledge base,https://www.pdkv.ac.in/?page_id=11966,curated; source-guided; expert verification recommended for production advisory,2026-10-03
DS086,Maize,Gray leaf spot,fungal,True,Can be surfaced as AI-detectable only when model_supported=True; otherwise advisory-only.,20,30,75,100,warm humid weather,high,rectangular gray-brown lesions,"Crop rotation, residue management and tolerant hybrids.",FarmGuide curated disease knowledge base,https://www.pdkv.ac.in/?page_id=11966,curated; source-guided; expert verification recommended for production advisory,2026-10-03
DS087,Maize,Downy mildew,oomycete,False,Can be surfaced as AI-detectable only when model_supported=True; otherwise advisory-only.,20,30,75,100,humid/rainy weather,medium-high,chlorotic stripes and downy growth,Use resistant hybrids and clean seed; follow local recommendations.,FarmGuide curated disease knowledge base,https://www.pdkv.ac.in/?page_id=11966,curated; source-guided; expert verification recommended for production advisory,2026-10-03
DS088,Sugarcane,Red rot,fungal,False,Can be surfaced as AI-detectable only when model_supported=True; otherwise advisory-only.,24,32,70,100,warm humid conditions,high,red internal stalk discoloration with white flecks,"Use healthy setts, resistant varieties, sanitation and drainage.",FarmGuide curated disease knowledge base,https://www.pdkv.ac.in/?page_id=11966,curated; source-guided; expert verification recommended for production advisory,2026-10-03
DS089,Sugarcane,Smut,fungal,False,Can be surfaced as AI-detectable only when model_supported=True; otherwise advisory-only.,24,32,50,90,warm conditions,medium-high,whip-like black sori emerging from shoots,Use healthy planting material and resistant varieties; rogue affected stools.,FarmGuide curated disease knowledge base,https://www.pdkv.ac.in/?page_id=11966,curated; source-guided; expert verification recommended for production advisory,2026-10-03
DS090,Sugarcane,Wilt,fungal/complex,False,Can be surfaced as AI-detectable only when model_supported=True; otherwise advisory-only.,25,35,45,85,warm soil/moisture stress,medium,"yellowing, wilting and stalk deterioration","Healthy setts, drainage, rotation where possible and local recommendations.",FarmGuide curated disease knowledge base,https://www.pdkv.ac.in/?page_id=11966,curated; source-guided; expert verification recommended for production advisory,2026-10-03
DS091,Turmeric,Rhizome rot,oomycete,False,Can be surfaced as AI-detectable only when model_supported=True; otherwise advisory-only.,20,30,75,100,heavy rain/waterlogging,high,soft rotting rhizomes and yellowing leaves,"Use healthy seed rhizomes, raised beds/drainage and sanitation.",FarmGuide curated disease knowledge base,https://www.pdkv.ac.in/?page_id=11966,curated; source-guided; expert verification recommended for production advisory,2026-10-03
DS092,Turmeric,Leaf blotch,fungal,False,Can be surfaced as AI-detectable only when model_supported=True; otherwise advisory-only.,20,30,70,100,humid/rainy weather,medium-high,brown blotches on leaves,Reduce leaf wetness and follow local disease management.,FarmGuide curated disease knowledge base,https://www.pdkv.ac.in/?page_id=11966,curated; source-guided; expert verification recommended for production advisory,2026-10-03
DS093,Ginger,Soft rot,oomycete,False,Can be surfaced as AI-detectable only when model_supported=True; otherwise advisory-only.,20,30,75,100,waterlogging/rain,high,soft rhizome decay and yellowing,"Raised beds, drainage, healthy seed and sanitation.",FarmGuide curated disease knowledge base,https://www.pdkv.ac.in/?page_id=11966,curated; source-guided; expert verification recommended for production advisory,2026-10-03
DS094,Ginger,Leaf spot,fungal,False,Can be surfaced as AI-detectable only when model_supported=True; otherwise advisory-only.,20,30,70,100,humid weather,medium,brown leaf spots and blighting,"Improve airflow, sanitation and local recommendations.",FarmGuide curated disease knowledge base,https://www.pdkv.ac.in/?page_id=11966,curated; source-guided; expert verification recommended for production advisory,2026-10-03
DS095,Apple,Healthy,healthy,True,Can be surfaced as AI-detectable only when model_supported=True; otherwise advisory-only.,10,35,0,100,not applicable,none,no disease-specific symptoms; plant appears healthy,"Maintain balanced nutrition, sanitation, scouting and good crop management.",FarmGuide curated disease knowledge base,https://www.pdkv.ac.in/?page_id=11966,curated; source-guided; expert verification recommended for production advisory,2026-10-03
DS096,Blueberry,Healthy,healthy,True,Can be surfaced as AI-detectable only when model_supported=True; otherwise advisory-only.,10,35,0,100,not applicable,none,no disease-specific symptoms; plant appears healthy,"Maintain balanced nutrition, sanitation, scouting and good crop management.",FarmGuide curated disease knowledge base,https://www.pdkv.ac.in/?page_id=11966,curated; source-guided; expert verification recommended for production advisory,2026-10-03
DS097,Cherry,Healthy,healthy,True,Can be surfaced as AI-detectable only when model_supported=True; otherwise advisory-only.,10,35,0,100,not applicable,none,no disease-specific symptoms; plant appears healthy,"Maintain balanced nutrition, sanitation, scouting and good crop management.",FarmGuide curated disease knowledge base,https://www.pdkv.ac.in/?page_id=11966,curated; source-guided; expert verification recommended for production advisory,2026-10-03
DS098,Corn,Healthy,healthy,True,Can be surfaced as AI-detectable only when model_supported=True; otherwise advisory-only.,10,35,0,100,not applicable,none,no disease-specific symptoms; plant appears healthy,"Maintain balanced nutrition, sanitation, scouting and good crop management.",FarmGuide curated disease knowledge base,https://www.pdkv.ac.in/?page_id=11966,curated; source-guided; expert verification recommended for production advisory,2026-10-03
DS099,Grape,Healthy,healthy,True,Can be surfaced as AI-detectable only when model_supported=True; otherwise advisory-only.,10,35,0,100,not applicable,none,no disease-specific symptoms; plant appears healthy,"Maintain balanced nutrition, sanitation, scouting and good crop management.",FarmGuide curated disease knowledge base,https://www.pdkv.ac.in/?page_id=11966,curated; source-guided; expert verification recommended for production advisory,2026-10-03
DS100,Peach,Healthy,healthy,True,Can be surfaced as AI-detectable only when model_supported=True; otherwise advisory-only.,10,35,0,100,not applicable,none,no disease-specific symptoms; plant appears healthy,"Maintain balanced nutrition, sanitation, scouting and good crop management.",FarmGuide curated disease knowledge base,https://www.pdkv.ac.in/?page_id=11966,curated; source-guided; expert verification recommended for production advisory,2026-10-03
DS101,Pepper,Healthy,healthy,True,Can be surfaced as AI-detectable only when model_supported=True; otherwise advisory-only.,10,35,0,100,not applicable,none,no disease-specific symptoms; plant appears healthy,"Maintain balanced nutrition, sanitation, scouting and good crop management.",FarmGuide curated disease knowledge base,https://www.pdkv.ac.in/?page_id=11966,curated; source-guided; expert verification recommended for production advisory,2026-10-03
DS102,Potato,Healthy,healthy,True,Can be surfaced as AI-detectable only when model_supported=True; otherwise advisory-only.,10,35,0,100,not applicable,none,no disease-specific symptoms; plant appears healthy,"Maintain balanced nutrition, sanitation, scouting and good crop management.",FarmGuide curated disease knowledge base,https://www.pdkv.ac.in/?page_id=11966,curated; source-guided; expert verification recommended for production advisory,2026-10-03
DS103,Raspberry,Healthy,healthy,True,Can be surfaced as AI-detectable only when model_supported=True; otherwise advisory-only.,10,35,0,100,not applicable,none,no disease-specific symptoms; plant appears healthy,"Maintain balanced nutrition, sanitation, scouting and good crop management.",FarmGuide curated disease knowledge base,https://www.pdkv.ac.in/?page_id=11966,curated; source-guided; expert verification recommended for production advisory,2026-10-03
DS104,Soybean,Healthy,healthy,True,Can be surfaced as AI-detectable only when model_supported=True; otherwise advisory-only.,10,35,0,100,not applicable,none,no disease-specific symptoms; plant appears healthy,"Maintain balanced nutrition, sanitation, scouting and good crop management.",FarmGuide curated disease knowledge base,https://www.pdkv.ac.in/?page_id=11966,curated; source-guided; expert verification recommended for production advisory,2026-10-03
DS105,Squash,Healthy,healthy,True,Can be surfaced as AI-detectable only when model_supported=True; otherwise advisory-only.,10,35,0,100,not applicable,none,no disease-specific symptoms; plant appears healthy,"Maintain balanced nutrition, sanitation, scouting and good crop management.",FarmGuide curated disease knowledge base,https://www.pdkv.ac.in/?page_id=11966,curated; source-guided; expert verification recommended for production advisory,2026-10-03
DS106,Strawberry,Healthy,healthy,True,Can be surfaced as AI-detectable only when model_supported=True; otherwise advisory-only.,10,35,0,100,not applicable,none,no disease-specific symptoms; plant appears healthy,"Maintain balanced nutrition, sanitation, scouting and good crop management.",FarmGuide curated disease knowledge base,https://www.pdkv.ac.in/?page_id=11966,curated; source-guided; expert verification recommended for production advisory,2026-10-03
DS107,Tomato,Healthy,healthy,True,Can be surfaced as AI-detectable only when model_supported=True; otherwise advisory-only.,10,35,0,100,not applicable,none,no disease-specific symptoms; plant appears healthy,"Maintain balanced nutrition, sanitation, scouting and good crop management.",FarmGuide curated disease knowledge base,https://www.pdkv.ac.in/?page_id=11966,curated; source-guided; expert verification recommended for production advisory,2026-10-03
DS108,Grape,Esca (Black Measles),fungal complex,True,Can be surfaced as AI-detectable only when model_supported=True; otherwise advisory-only.,18,32,45,90,variable; vine stress can contribute,medium,leaf tiger-striping and berry spotting/decay,"Use clean planting material, prune/remove affected wood where advised and follow local grape advisories.",FarmGuide curated disease knowledge base,https://www.pdkv.ac.in/?page_id=11966,curated; source-guided; expert verification recommended for production advisory,2026-10-03
DS109,Corn,Common rust,fungal,True,Can be surfaced as AI-detectable only when model_supported=True; otherwise advisory-only.,16,28,75,100,humid weather,high,rust-colored pustules,Use tolerant hybrids and monitor humid periods.,FarmGuide curated disease knowledge base,https://www.pdkv.ac.in/?page_id=11966,curated; source-guided; expert verification recommended for production advisory,2026-10-03
DS110,Corn,Northern corn leaf blight,fungal,True,Can be surfaced as AI-detectable only when model_supported=True; otherwise advisory-only.,18,28,75,100,cool humid weather,high,cigar-shaped lesions,"Use tolerant hybrids, rotation and residue management.",FarmGuide curated disease knowledge base,https://www.pdkv.ac.in/?page_id=11966,curated; source-guided; expert verification recommended for production advisory,2026-10-03
DS111,Corn,Gray leaf spot,fungal,True,Can be surfaced as AI-detectable only when model_supported=True; otherwise advisory-only.,20,30,75,100,warm humid weather,high,rectangular gray-brown lesions,"Crop rotation, residue management and tolerant hybrids.",FarmGuide curated disease knowledge base,https://www.pdkv.ac.in/?page_id=11966,curated; source-guided; expert verification recommended for production advisory,2026-10-03
