district,state,agro_region,latitude,longitude,country,source_org,source_url,verification_status,last_verified
Ahmednagar,Maharashtra,Western Maharashtra Plain,19.0948,74.748,India,FarmGuide curated location layer,https://icar.gov.in/sites/default/files/Circulars/ICAR-En-Kharif-Agro-Advisories-for-Farmers-2025.pdf,district-center fallback; GPS should take precedence,2026-10-03
Akola,Maharashtra,Vidarbha Plain,20.7002,77.0082,India,FarmGuide curated location layer,https://icar.gov.in/sites/default/files/Circulars/ICAR-En-Kharif-Agro-Advisories-for-Farmers-2025.pdf,district-center fallback; GPS should take precedence,2026-10-03
Amravati,Maharashtra,Vidarbha Plain,20.9374,77.7796,India,FarmGuide curated location layer,https://icar.gov.in/sites/default/files/Circulars/ICAR-En-Kharif-Agro-Advisories-for-Farmers-2025.pdf,district-center fallback; GPS should take precedence,2026-10-03
Aurangabad,Maharashtra,Marathwada Plateau,19.8762,75.3433,India,FarmGuide curated location layer,https://icar.gov.in/sites/default/files/Circulars/ICAR-En-Kharif-Agro-Advisories-for-Farmers-2025.pdf,district-center fallback; GPS should take precedence,2026-10-03
Beed,Maharashtra,Marathwada Plateau,18.9891,75.7601,India,FarmGuide curated location layer,https://icar.gov.in/sites/default/files/Circulars/ICAR-En-Kharif-Agro-Advisories-for-Farmers-2025.pdf,district-center fallback; GPS should take precedence,2026-10-03
Bhandara,Maharashtra,Eastern Vidarbha,21.17,79.65,India,FarmGuide curated location layer,https://icar.gov.in/sites/default/files/Circulars/ICAR-En-Kharif-Agro-Advisories-for-Farmers-2025.pdf,district-center fallback; GPS should take precedence,2026-10-03
Buldhana,Maharashtra,Vidarbha Plain,20.5293,76.1842,India,FarmGuide curated location layer,https://icar.gov.in/sites/default/files/Circulars/ICAR-En-Kharif-Agro-Advisories-for-Farmers-2025.pdf,district-center fallback; GPS should take precedence,2026-10-03
Chandrapur,Maharashtra,Eastern Vidarbha,19.9615,79.2961,India,FarmGuide curated location layer,https://icar.gov.in/sites/default/files/Circulars/ICAR-En-Kharif-Agro-Advisories-for-Farmers-2025.pdf,district-center fallback; GPS should take precedence,2026-10-03
Dhule,Maharashtra,Khandesh,20.9042,74.7749,India,FarmGuide curated location layer,https://icar.gov.in/sites/default/files/Circulars/ICAR-En-Kharif-Agro-Advisories-for-Farmers-2025.pdf,district-center fallback; GPS should take precedence,2026-10-03
Gadchiroli,Maharashtra,Eastern Vidarbha,20.1809,80.0042,India,FarmGuide curated location layer,https://icar.gov.in/sites/default/files/Circulars/ICAR-En-Kharif-Agro-Advisories-for-Farmers-2025.pdf,district-center fallback; GPS should take precedence,2026-10-03
Gondia,Maharashtra,Eastern Vidarbha,21.4624,80.2209,India,FarmGuide curated location layer,https://icar.gov.in/sites/default/files/Circulars/ICAR-En-Kharif-Agro-Advisories-for-Farmers-2025.pdf,district-center fallback; GPS should take precedence,2026-10-03
Hingoli,Maharashtra,Marathwada Plateau,19.7174,77.149,India,FarmGuide curated location layer,https://icar.gov.in/sites/default/files/Circulars/ICAR-En-Kharif-Agro-Advisories-for-Farmers-2025.pdf,district-center fallback; GPS should take precedence,2026-10-03
Jalgaon,Maharashtra,Khandesh,21.0077,75.5626,India,FarmGuide curated location layer,https://icar.gov.in/sites/default/files/Circulars/ICAR-En-Kharif-Agro-Advisories-for-Farmers-2025.pdf,district-center fallback; GPS should take precedence,2026-10-03
Jalna,Maharashtra,Marathwada Plateau,19.8347,75.8816,India,FarmGuide curated location layer,https://icar.gov.in/sites/default/files/Circulars/ICAR-En-Kharif-Agro-Advisories-for-Farmers-2025.pdf,district-center fallback; GPS should take precedence,2026-10-03
Kolhapur,Maharashtra,Western Maharashtra Plain,16.705,74.2433,India,FarmGuide curated location layer,https://icar.gov.in/sites/default/files/Circulars/ICAR-En-Kharif-Agro-Advisories-for-Farmers-2025.pdf,district-center fallback; GPS should take precedence,2026-10-03
Latur,Maharashtra,Marathwada Plateau,18.4088,76.5604,India,FarmGuide curated location layer,https://icar.gov.in/sites/default/files/Circulars/ICAR-En-Kharif-Agro-Advisories-for-Farmers-2025.pdf,district-center fallback; GPS should take precedence,2026-10-03
Mumbai City,Maharashtra,Konkan,18.9388,72.8354,India,FarmGuide curated location layer,https://icar.gov.in/sites/default/files/Circulars/ICAR-En-Kharif-Agro-Advisories-for-Farmers-2025.pdf,district-center fallback; GPS should take precedence,2026-10-03
Mumbai Suburban,Maharashtra,Konkan,19.076,72.8777,India,FarmGuide curated location layer,https://icar.gov.in/sites/default/files/Circulars/ICAR-En-Kharif-Agro-Advisories-for-Farmers-2025.pdf,district-center fallback; GPS should take precedence,2026-10-03
Nagpur,Maharashtra,Vidarbha Plain,21.1458,79.0882,India,FarmGuide curated location layer,https://icar.gov.in/sites/default/files/Circulars/ICAR-En-Kharif-Agro-Advisories-for-Farmers-2025.pdf,district-center fallback; GPS should take precedence,2026-10-03
Nanded,Maharashtra,Marathwada Plateau,19.1383,77.321,India,FarmGuide curated location layer,https://icar.gov.in/sites/default/files/Circulars/ICAR-En-Kharif-Agro-Advisories-for-Farmers-2025.pdf,district-center fallback; GPS should take precedence,2026-10-03
Nandurbar,Maharashtra,Khandesh,21.3667,74.2333,India,FarmGuide curated location layer,https://icar.gov.in/sites/default/files/Circulars/ICAR-En-Kharif-Agro-Advisories-for-Farmers-2025.pdf,district-center fallback; GPS should take precedence,2026-10-03
Nashik,Maharashtra,Khandesh,19.9975,73.7898,India,FarmGuide curated location layer,https://icar.gov.in/sites/default/files/Circulars/ICAR-En-Kharif-Agro-Advisories-for-Farmers-2025.pdf,district-center fallback; GPS should take precedence,2026-10-03
Osmanabad,Maharashtra,Marathwada Plateau,18.186,76.0419,India,FarmGuide curated location layer,https://icar.gov.in/sites/default/files/Circulars/ICAR-En-Kharif-Agro-Advisories-for-Farmers-2025.pdf,district-center fallback; GPS should take precedence,2026-10-03
Palghar,Maharashtra,Konkan,19.6967,72.7653,India,FarmGuide curated location layer,https://icar.gov.in/sites/default/files/Circulars/ICAR-En-Kharif-Agro-Advisories-for-Farmers-2025.pdf,district-center fallback; GPS should take precedence,2026-10-03
Parbhani,Maharashtra,Marathwada Plateau,19.26,76.7767,India,FarmGuide curated location layer,https://icar.gov.in/sites/default/files/Circulars/ICAR-En-Kharif-Agro-Advisories-for-Farmers-2025.pdf,district-center fallback; GPS should take precedence,2026-10-03
Pune,Maharashtra,Western Maharashtra Plain,18.5204,73.8567,India,FarmGuide curated location layer,https://icar.gov.in/sites/default/files/Circulars/ICAR-En-Kharif-Agro-Advisories-for-Farmers-2025.pdf,district-center fallback; GPS should take precedence,2026-10-03
Raigad,Maharashtra,Konkan,18.5158,73.1822,India,FarmGuide curated location layer,https://icar.gov.in/sites/default/files/Circulars/ICAR-En-Kharif-Agro-Advisories-for-Farmers-2025.pdf,district-center fallback; GPS should take precedence,2026-10-03
Ratnagiri,Maharashtra,Konkan,16.9902,73.312,India,FarmGuide curated location layer,https://icar.gov.in/sites/default/files/Circulars/ICAR-En-Kharif-Agro-Advisories-for-Farmers-2025.pdf,district-center fallback; GPS should take precedence,2026-10-03
Sangli,Maharashtra,Western Maharashtra Plain,16.8524,74.5815,India,FarmGuide curated location layer,https://icar.gov.in/sites/default/files/Circulars/ICAR-En-Kharif-Agro-Advisories-for-Farmers-2025.pdf,district-center fallback; GPS should take precedence,2026-10-03
Satara,Maharashtra,Western Maharashtra Plain,17.6805,74.0183,India,FarmGuide curated location layer,https://icar.gov.in/sites/default/files/Circulars/ICAR-En-Kharif-Agro-Advisories-for-Farmers-2025.pdf,district-center fallback; GPS should take precedence,2026-10-03
Sindhudurg,Maharashtra,Konkan,16.3492,73.5594,India,FarmGuide curated location layer,https://icar.gov.in/sites/default/files/Circulars/ICAR-En-Kharif-Agro-Advisories-for-Farmers-2025.pdf,district-center fallback; GPS should take precedence,2026-10-03
Solapur,Maharashtra,Western Maharashtra Plain,17.6599,75.9064,India,FarmGuide curated location layer,https://icar.gov.in/sites/default/files/Circulars/ICAR-En-Kharif-Agro-Advisories-for-Farmers-2025.pdf,district-center fallback; GPS should take precedence,2026-10-03
Thane,Maharashtra,Konkan,19.2183,72.9781,India,FarmGuide curated location layer,https://icar.gov.in/sites/default/files/Circulars/ICAR-En-Kharif-Agro-Advisories-for-Farmers-2025.pdf,district-center fallback; GPS should take precedence,2026-10-03
Wardha,Maharashtra,Vidarbha Plain,20.7453,78.6022,India,FarmGuide curated location layer,https://icar.gov.in/sites/default/files/Circulars/ICAR-En-Kharif-Agro-Advisories-for-Farmers-2025.pdf,district-center fallback; GPS should take precedence,2026-10-03
Washim,Maharashtra,Vidarbha Plain,20.111,77.133,India,FarmGuide curated location layer,https://icar.gov.in/sites/default/files/Circulars/ICAR-En-Kharif-Agro-Advisories-for-Farmers-2025.pdf,district-center fallback; GPS should take precedence,2026-10-03
Yavatmal,Maharashtra,Vidarbha Plain,20.389,78.13,India,FarmGuide curated location layer,https://icar.gov.in/sites/default/files/Circulars/ICAR-En-Kharif-Agro-Advisories-for-Farmers-2025.pdf,district-center fallback; GPS should take precedence,2026-10-03
